Platform,Views,Likes,Shares,Comments,Engagement_Level
YouTube,58134,1475,1105,1248,Medium
Twitter,21491,1860,82,882,High
Instagram,2341,100,15,189,High
Instagram,45623,6480,1198,1927,High
YouTube,91327,6918,1288,6970,High
YouTube,1338,261,56,22,High
YouTube,72431,9545,124,5679,High
Twitter,13254,2203,259,364,High
Instagram,52860,1859,926,3665,High
Instagram,12344,2145,24,725,High
YouTube,2750,509,19,256,High
Twitter,55756,5717,1185,2330,High
Twitter,68957,8632,1734,778,High
YouTube,59053,9171,1228,402,High
YouTube,71855,3105,1941,6003,High
YouTube,16896,1782,509,926,High
YouTube,56761,4867,84,4464,High
Instagram,63552,2402,1508,1733,Medium
Instagram,78454,6263,3782,2964,High
YouTube,91600,2102,2421,719,Medium
Instagram,28935,431,989,2787,High
YouTube,38641,1378,629,2644,High
YouTube,30711,5926,1195,2876,High
YouTube,71342,8162,2773,2156,High
Instagram,13182,2550,349,831,High
Instagram,88833,8188,4337,6170,High
YouTube,57276,3966,409,2014,Medium
Instagram,20541,2180,37,1757,High
Instagram,95457,8925,3697,9066,High
YouTube,83310,2505,3378,7419,High
Instagram,45813,6036,315,3445,High
YouTube,38198,1949,535,1197,Medium
YouTube,9820,1254,18,311,High
Twitter,25070,3347,385,2419,High
Twitter,70768,2751,2751,422,Medium
Twitter,12122,262,319,885,High
YouTube,81559,12914,1472,5879,High
YouTube,74543,7257,1432,4782,High
Instagram,84441,1777,90,8364,High
Instagram,42786,8515,671,1481,High
YouTube,95934,2012,3134,3578,Medium
Instagram,7737,1099,377,96,High
YouTube,37062,7297,1575,1744,High
Twitter,55237,3062,119,1646,Medium
YouTube,52571,1946,2367,1977,Medium
Instagram,26510,876,1043,2234,High
YouTube,20426,1381,801,1917,High
Instagram,38265,1117,897,866,Medium
Instagram,18850,2667,386,761,High
YouTube,67150,1466,1063,6259,High
Twitter,88312,9430,372,960,High
Instagram,90613,18065,1103,1248,High
Twitter,75910,12498,993,1553,High
Twitter,53375,6772,1319,3284,High
Instagram,36435,2484,1370,703,High
Twitter,97443,12525,2359,9448,High
YouTube,58132,6402,222,2757,High
YouTube,79945,7271,3831,4208,High
YouTube,83050,2893,3919,2361,Medium
YouTube,96402,17203,3805,4795,High
YouTube,3983,380,197,270,High
YouTube,98241,4615,2719,7501,High
Twitter,21662,1730,1043,1659,High
YouTube,24510,2173,115,1468,High
YouTube,79187,13242,1498,7199,High
Instagram,41998,6273,505,3471,High
YouTube,57846,9033,612,4449,High
Twitter,95071,1149,750,977,Low
YouTube,7640,680,240,43,High
Twitter,45547,4620,1789,1146,High
Instagram,55620,759,1631,3784,Medium
YouTube,16317,968,133,718,Medium
YouTube,8564,1322,348,370,High
Twitter,28345,1021,911,2523,High
Instagram,95223,10637,1906,8577,High
Instagram,80273,4084,2731,7334,High
Instagram,75859,933,1041,2641,Medium
YouTube,81765,4564,1464,5776,High
YouTube,75038,14663,3448,2311,High
YouTube,53393,8665,813,1233,High
Twitter,67081,12900,1611,1512,High
Instagram,30430,3124,1357,1141,High
YouTube,76532,2361,2730,3508,Medium
YouTube,28788,3285,116,2416,High
YouTube,96505,9296,793,1581,High
YouTube,49543,8443,68,3706,High
Instagram,14919,427,476,827,Medium
Instagram,70346,7229,1613,2276,High
Twitter,97122,3740,736,5032,Medium
Instagram,40974,2937,1964,1372,High
YouTube,17371,2607,468,1070,High
Instagram,46084,4628,592,2129,High
Instagram,30629,2493,781,631,High
Instagram,52184,4433,1789,838,High
Instagram,62916,6121,297,3582,High
Instagram,74972,11932,1084,6802,High
Instagram,63187,11341,2561,2380,High
Instagram,13984,2678,328,1043,High
YouTube,34039,5429,945,2300,High
YouTube,86431,6043,1919,8081,High
YouTube,84691,11919,266,7028,High
Instagram,59606,5551,543,3506,High
YouTube,11616,678,265,783,High
Instagram,51072,8670,574,4614,High
Twitter,25574,442,88,1098,Medium
YouTube,4430,803,187,159,High
Instagram,13676,1335,671,82,High
Instagram,11816,1548,471,986,High
YouTube,33733,4563,1444,2735,High
YouTube,86680,15608,1114,1293,High
YouTube,3050,399,146,182,High
YouTube,34933,4424,372,1714,High
Twitter,25951,588,1235,422,Medium
Twitter,33413,3625,1662,3279,High
Instagram,35801,1379,1284,909,Medium
Twitter,56619,8499,2778,644,High
Twitter,33913,3639,980,2086,High
YouTube,41600,5792,570,3128,High
Twitter,58775,1053,1317,475,Low
Instagram,91816,2397,2762,6204,High
Twitter,91093,13308,417,5061,High
Twitter,36400,862,1146,539,Medium
YouTube,5494,129,269,117,Medium
YouTube,81688,1004,842,4816,Medium
YouTube,90431,17338,3602,2998,High
Instagram,75691,11363,3442,7125,High
Twitter,98419,7589,4649,8147,High
Twitter,44001,2919,2114,4331,High
YouTube,68364,5225,1815,2028,High
Instagram,46028,7234,2250,4470,High
Instagram,98659,13384,3759,4535,High
YouTube,38573,1743,344,1466,Medium
YouTube,1806,77,44,17,Medium
YouTube,57638,1653,2086,577,Medium
Twitter,30757,4166,403,2175,High
YouTube,35636,5531,1154,1728,High
Instagram,81097,4894,2730,2150,High
Instagram,49280,688,442,3120,Medium
YouTube,25262,647,724,733,Medium
Twitter,81435,15789,3160,4875,High
Twitter,63211,4180,1608,2473,High
YouTube,55842,8719,88,4648,High
Instagram,57979,7461,83,4810,High
YouTube,82470,6809,1525,4152,High
YouTube,39197,1923,1818,1502,High
YouTube,42844,1416,522,1689,Medium
Instagram,65754,8341,2109,5361,High
Instagram,35157,5525,417,1271,High
YouTube,78129,10339,1309,1942,High
YouTube,41042,4545,1746,535,High
Twitter,62665,1126,2300,3091,Medium
YouTube,83856,16269,475,4260,High
YouTube,28376,4589,624,2408,High
Instagram,56554,3711,137,1471,Medium
Twitter,15199,2981,373,626,High
YouTube,82412,10248,2757,6741,High
Instagram,51948,6268,353,4324,High
Instagram,74781,11376,1133,3106,High
YouTube,73750,12112,1511,3585,High
Instagram,67262,9062,3097,2274,High
YouTube,47600,1634,2364,4455,High
Instagram,77898,5785,249,1267,Medium
Instagram,63483,11829,2430,5948,High
Instagram,19297,1016,370,1350,High
YouTube,31448,2538,636,1745,High
Twitter,27172,2502,1031,220,High
YouTube,43874,4101,2018,2201,High
YouTube,8657,1094,412,378,High
YouTube,85386,16153,2500,1734,High
Instagram,26425,1472,488,1779,High
Instagram,27685,915,1096,2692,High
YouTube,25578,1215,340,1493,Medium
Instagram,29831,5325,854,2174,High
YouTube,8906,1181,165,102,High
Instagram,62413,4014,2070,2788,High
YouTube,55028,9081,703,883,High
Instagram,8287,1439,86,523,High
YouTube,34660,5921,1594,3263,High
Twitter,76758,14169,459,5209,High
YouTube,61504,3562,1586,756,Medium
YouTube,60720,9317,717,2349,High
YouTube,35701,3480,103,2046,High
Twitter,84300,14329,233,3650,High
Twitter,18674,2771,179,1572,High
YouTube,84560,13320,3675,6967,High
Instagram,24874,3349,369,1570,High
Twitter,44642,1951,2123,1807,High
Instagram,98820,11221,2915,2891,High
Instagram,66160,13039,1481,996,High
YouTube,18602,3499,547,720,High
YouTube,89801,1634,2363,3973,Medium
Twitter,26931,1112,1028,1863,High
Twitter,95377,3340,1415,6440,Medium
Instagram,30192,4466,552,352,High
YouTube,47542,7862,2130,2022,High
YouTube,43520,2200,2061,969,High
Instagram,65772,6979,2942,1308,High
Twitter,59762,10143,1288,4995,High
Twitter,51106,7626,2005,459,High
Instagram,82121,9281,1998,3680,High
Instagram,26559,3244,674,557,High
YouTube,34742,3703,383,3075,High
YouTube,70669,4701,2117,4093,High
Twitter,81199,9529,821,2190,High
Instagram,22754,3205,392,1199,High
YouTube,4972,874,213,370,High
YouTube,71831,9402,800,6897,High
Instagram,42873,6628,192,1112,High
YouTube,95661,3866,419,8531,High
YouTube,10903,1065,513,1022,High
Instagram,4020,47,103,370,High
Instagram,42755,2431,900,2794,High
Instagram,86956,12871,3541,5637,High
YouTube,87988,17460,3691,3810,High
Instagram,46648,1345,805,3567,High
YouTube,10516,907,367,583,High
YouTube,3396,550,131,235,High
Instagram,85082,4149,2814,3888,High
Instagram,20129,2324,169,1499,High
Twitter,2591,386,113,215,High
Instagram,12303,1562,337,232,High
Instagram,31561,1443,468,2655,High
YouTube,72719,5637,1587,4096,High
YouTube,93108,14796,264,7936,High
YouTube,87231,10057,633,4010,High
YouTube,8314,91,320,340,Medium
Twitter,20623,3188,20,1895,High
YouTube,68675,1147,1470,1982,Medium
Twitter,97826,14839,2602,8334,High
Instagram,66082,3203,242,3368,Medium
Instagram,84624,16250,4119,4556,High
Instagram,34130,2727,412,1170,High
Instagram,52756,3804,839,3135,High
Instagram,98624,3776,1567,3540,Medium
YouTube,27292,1857,335,238,Medium
Instagram,87206,15397,93,2689,High
YouTube,70274,14005,2581,393,High
YouTube,3469,277,167,339,High
Instagram,54947,5232,658,5315,High
YouTube,23534,3464,788,1001,High
Twitter,64620,11526,2413,4794,High
Twitter,49874,6118,2123,1887,High
Twitter,50708,4279,1100,3486,High
YouTube,75553,6678,1197,6158,High
YouTube,69344,9858,1174,6583,High
Twitter,50138,532,1800,2156,Medium
Instagram,55302,7063,2268,4391,High
Twitter,48638,3771,481,1471,Medium
Twitter,79249,12750,1519,7852,High
Twitter,3719,102,168,27,Medium
YouTube,23890,2908,968,1489,High
YouTube,78236,7931,3853,5292,High
Twitter,37509,4952,1423,2639,High
YouTube,43534,971,882,715,Medium
YouTube,93241,11207,2791,8779,High
Instagram,19787,2308,660,439,High
Twitter,49845,5808,241,3198,High
Instagram,58932,7346,1631,1541,High
Instagram,93124,12900,3329,3183,High
YouTube,92659,15098,852,5273,High
Instagram,34062,2086,1336,1520,High
Twitter,76713,12792,2271,1551,High
YouTube,88263,9238,4206,1874,High
Instagram,96756,2384,297,4327,Medium
Twitter,61461,1298,860,4728,Medium
Instagram,76418,5617,2328,6901,High
Instagram,67672,10768,1051,879,High
Instagram,35832,5176,1290,1517,High
YouTube,32966,5269,1259,478,High
YouTube,73545,7963,442,483,High
Twitter,13987,1309,366,949,High
Twitter,38311,1456,993,2384,High
Twitter,32575,2357,622,667,Medium
Twitter,64852,5996,3029,1764,High
Instagram,2007,53,83,14,Medium
Instagram,71981,3736,2531,6069,High
Instagram,77242,9551,2780,7538,High
Instagram,48517,7266,1146,866,High
Instagram,30257,6041,1395,816,High
Instagram,88272,16532,3092,7723,High
Twitter,43207,5707,1586,4018,High
YouTube,14281,1285,617,640,High
YouTube,62246,8146,898,610,High
YouTube,2435,387,98,21,High
Instagram,99875,3244,1055,5945,Medium
YouTube,92357,8116,1655,3909,High
Instagram,27660,4690,482,213,High
Instagram,6084,504,297,367,High
YouTube,83197,9871,3575,505,High
Instagram,14507,1765,512,1157,High
YouTube,73595,3315,2695,2510,Medium
YouTube,84807,6684,2420,748,Medium
Twitter,46539,3423,2206,2833,High
YouTube,8491,127,214,363,Medium
YouTube,51192,747,1005,4991,High
Instagram,81395,13676,731,4615,High
Instagram,64888,4015,2564,2021,High
YouTube,74609,8090,2759,5401,High
Instagram,10077,672,199,310,Medium
YouTube,21953,4143,49,1995,High
YouTube,77919,4617,3281,3163,High
Instagram,68889,6312,107,3943,High
Instagram,24821,4363,880,243,High
Instagram,38567,6555,1872,1754,High
Instagram,25860,1172,580,2174,High
Twitter,22195,3606,277,1809,High
Instagram,78475,7616,2788,2064,High
YouTube,91874,9349,3770,2432,High
Instagram,88266,3121,2451,7294,High
YouTube,22427,567,1085,2094,High
Instagram,28083,4164,99,394,High
YouTube,88046,9185,2265,4204,High
YouTube,58372,5428,2113,2163,High
Twitter,45064,6696,1949,3952,High
Twitter,8813,1369,86,113,High
Instagram,32598,1310,1310,816,Medium
Instagram,94106,11851,2642,7197,High
YouTube,28082,1003,573,277,Medium
YouTube,30241,4619,225,1566,High
YouTube,97214,13106,4219,4569,High
Instagram,45569,8738,396,1675,High
Instagram,12745,294,206,541,Medium
Instagram,27029,563,411,1495,Medium
YouTube,14025,892,612,285,High
Twitter,15288,913,519,907,High
Instagram,90186,5133,3610,7351,High
Instagram,7540,1373,100,582,High
Instagram,98768,5670,3122,1937,Medium
Instagram,82958,5116,2407,1591,Medium
YouTube,69878,10781,2921,2129,High
YouTube,42846,4089,1945,1683,High
Instagram,76932,12122,122,3369,High
YouTube,18482,414,628,1285,High
YouTube,24411,2505,86,253,Medium
YouTube,51975,851,1449,431,Medium
YouTube,61545,1348,928,2599,Medium
Twitter,79797,14540,1279,5683,High
Instagram,53307,1943,975,1246,Medium
Instagram,4093,454,128,269,High
YouTube,78258,6895,1359,2322,High
Instagram,23042,1751,850,2054,High
Instagram,53930,9759,1122,4858,High
YouTube,45413,642,197,1509,Medium
Instagram,94623,12880,3728,2540,High
YouTube,98883,19088,1483,4358,High
Instagram,34756,4046,771,967,High
Instagram,54268,10202,1876,3737,High
YouTube,40214,801,695,3356,High
YouTube,82871,7422,312,5713,High
Instagram,29602,1759,571,2466,High
Instagram,54331,8087,2568,2320,High
Twitter,49901,9802,1619,990,High
Instagram,64416,3783,2183,4837,High
YouTube,33196,4457,1061,1302,High
YouTube,6626,315,71,455,High
Instagram,8424,989,181,258,High
YouTube,13857,1360,523,176,High
Instagram,20982,4084,125,2083,High
Twitter,77961,9793,1139,1546,High
Instagram,2980,227,43,294,High
YouTube,49290,1561,1092,4822,High
Instagram,27431,1062,1345,2205,High
Instagram,85976,4540,370,5815,High
Instagram,83711,4828,2211,5013,High
Twitter,27385,4699,268,2390,High
YouTube,39158,4567,1901,1272,High
Twitter,24019,2628,157,1187,High
Twitter,19639,624,408,1253,Medium
YouTube,86530,15006,3215,3812,High
YouTube,22563,3324,801,1029,High
YouTube,40341,922,875,1467,Medium
YouTube,6776,979,121,397,High
YouTube,37444,4241,766,3212,High
Instagram,69916,1784,975,1688,Medium
YouTube,9711,942,107,910,High
YouTube,75318,7689,1858,5307,High
Twitter,83970,3484,1188,6987,High
YouTube,86553,16417,1305,5006,High
Twitter,31707,5437,1052,2506,High
YouTube,40110,5499,1943,262,High
YouTube,62788,6142,1919,5195,High
Instagram,83879,7401,400,739,Medium
Instagram,39827,5324,187,3566,High
Twitter,6655,756,316,660,High
Instagram,45859,1001,713,1510,Medium
Twitter,54625,5865,301,1364,High
YouTube,53098,8666,1611,4126,High
YouTube,16251,1580,512,471,High
Instagram,1526,30,50,133,High
Twitter,69760,11119,983,1030,High
Twitter,48837,2356,84,828,Medium
Instagram,12536,741,605,1228,High
YouTube,29541,1219,392,2038,High
Instagram,80083,5825,2732,6843,High
YouTube,52027,8000,1853,1863,High
Twitter,35531,3861,1097,2461,High
Twitter,9712,475,158,596,High
Instagram,66455,11748,949,4140,High
Instagram,75744,13415,2293,5290,High
Instagram,6109,1071,265,364,High
YouTube,50268,2783,2382,2300,High
Twitter,55615,5324,344,1735,High
Instagram,83503,16462,717,6514,High
Twitter,30759,4819,1454,814,High
YouTube,86708,1314,3216,6136,High
Twitter,61112,1368,2705,1660,Medium
YouTube,27589,2707,301,1776,High
YouTube,31015,5668,923,2356,High
Twitter,30009,3371,1060,773,High
YouTube,84309,8817,2893,901,High
YouTube,63046,1893,1323,1099,Medium
Twitter,27143,3658,47,1698,High
Twitter,7154,1188,211,613,High
Instagram,22804,1876,305,211,Medium
Instagram,42688,6717,984,3190,High
Instagram,65288,12616,3128,2443,High
YouTube,52195,2542,1072,2633,Medium
YouTube,21581,2361,909,2012,High
Instagram,53648,3463,549,1960,Medium
Instagram,31087,4993,1055,1529,High
Instagram,50930,6098,2489,320,High
Instagram,33981,4436,203,433,High
YouTube,70298,11360,98,2078,High
Instagram,47167,4020,1049,360,Medium
YouTube,76304,14029,422,4958,High
Instagram,44408,4941,1672,2020,High
Instagram,40499,1620,1855,2311,High
Twitter,53269,7575,1186,1150,High
YouTube,39559,6357,541,1309,High
YouTube,75319,5286,1678,5126,High
YouTube,96317,16649,3510,9314,High
Instagram,97347,17733,140,952,High
Instagram,49787,3117,1487,4460,High
YouTube,36488,7183,1132,2182,High
YouTube,75441,2771,2432,4418,High
Instagram,75663,3660,972,3974,Medium
YouTube,23431,1054,843,271,Medium
Twitter,62681,11273,343,848,High
Instagram,64483,8661,694,4003,High
YouTube,50153,1950,2206,1875,High
YouTube,7368,690,274,678,High
Twitter,28424,3607,47,1240,High
YouTube,46004,1189,605,856,Medium
YouTube,84869,15077,976,6186,High
Twitter,89652,14585,1279,2946,High
Twitter,57985,6145,761,3184,High
Twitter,51069,9894,207,3640,High
Instagram,53326,4765,1252,4827,High
YouTube,82061,16164,3028,6586,High
YouTube,24398,3340,749,1689,High
Instagram,99393,12979,3376,6914,High
Instagram,51861,2153,258,4919,High
Instagram,76897,13654,3662,2545,High
Twitter,82905,7562,3489,423,High
YouTube,69577,2840,2814,2145,Medium
Instagram,66641,826,2754,1712,Medium
YouTube,10078,1172,470,684,High
Instagram,26003,2865,719,1695,High
YouTube,63768,9353,689,3914,High
YouTube,52047,9324,1625,340,High
YouTube,72626,1821,2716,5391,High
Instagram,58660,8739,2179,2096,High
Instagram,50786,2316,1348,3462,High
Instagram,2925,506,12,169,High
Twitter,84976,14073,1630,3191,High
YouTube,27015,3045,1245,480,High
YouTube,34320,4974,1017,479,High
Twitter,65881,4593,1803,5533,High
YouTube,91827,9138,1301,8470,High
Twitter,27289,4533,519,1820,High
YouTube,4389,426,196,65,High
Twitter,26683,2080,898,1152,High
YouTube,14629,1519,579,1086,High
Twitter,62550,10468,1455,4946,High
Instagram,25826,1903,823,419,High
Twitter,27630,1188,363,138,Medium
YouTube,99762,14493,3548,7248,High
Instagram,47163,7873,1035,1833,High
Twitter,99511,2897,2257,2903,Medium
Instagram,67435,3747,2213,419,Medium
Instagram,12653,467,593,712,High
Instagram,28961,2204,119,2486,High
Instagram,82941,7926,3434,7960,High
Instagram,75137,11441,1151,4413,High
Instagram,34662,4634,788,1867,High
Twitter,99818,12774,206,1305,High
YouTube,57446,4420,904,3282,High
YouTube,22288,3786,571,915,High
Twitter,96081,9564,360,6022,High
Twitter,37877,7425,949,1588,High
Instagram,16313,2128,757,453,High
Instagram,81885,2783,504,1148,Medium
YouTube,73715,10207,2834,2573,High
YouTube,11326,812,238,160,Medium
Instagram,2560,359,84,55,High
YouTube,80148,1861,1102,7918,High
Instagram,84186,3639,742,3972,Medium
YouTube,27745,4788,245,1540,High
Twitter,32890,1748,146,2894,High
Twitter,21022,3553,212,2093,High
Instagram,53579,3378,1797,3233,High
Instagram,71316,9424,3152,5861,High
YouTube,84847,12038,3469,3059,High
Twitter,29380,3155,1015,1000,High
Instagram,3356,228,21,145,Medium
YouTube,71326,3595,1082,4913,High
Twitter,93447,1523,1512,6523,Medium
Twitter,90899,6158,1204,3176,Medium
Twitter,21049,2822,552,371,High
Instagram,76717,14444,2089,4992,High
Instagram,17082,2998,315,293,High
Instagram,1661,258,30,99,High
Twitter,38412,6138,1597,2722,High
Twitter,3920,534,155,280,High
YouTube,92194,5481,1482,7060,High
YouTube,61315,11181,2806,5390,High
YouTube,80561,11072,3841,4229,High
Twitter,9946,1158,169,739,High
Twitter,95242,2960,1749,6078,Medium
YouTube,46500,4414,1198,1056,High
Instagram,17309,1687,815,128,High
YouTube,56230,9799,2470,1801,High
Twitter,99656,11347,600,4692,High
Twitter,31027,2552,628,1974,High
Twitter,73541,14384,2067,6305,High
Instagram,60321,1872,1547,1426,Medium
Instagram,1956,176,20,33,Medium
YouTube,75131,1351,3236,7252,High
YouTube,48908,7364,1671,746,High
Twitter,79339,14632,3336,4003,High
Twitter,26963,1704,1161,1634,High
Twitter,40443,7000,1523,2282,High
Twitter,40063,2624,902,527,Medium
Instagram,81818,14976,2529,852,High
Instagram,5703,874,50,85,High
Twitter,66128,10774,2248,4009,High
Twitter,73099,981,715,4145,Medium
YouTube,26849,5180,939,730,High
Instagram,32860,4865,402,2155,High
YouTube,32585,2212,220,2701,High
Twitter,23015,3856,209,205,High
Instagram,78539,4986,86,4109,Medium
YouTube,44585,7839,1614,3142,High
Instagram,27958,877,1031,809,Medium
Instagram,27017,3882,708,925,High
YouTube,77707,8760,692,4918,High
YouTube,46350,1313,236,4185,High
Instagram,13201,738,25,1081,High
Instagram,30426,375,277,1837,Medium
Instagram,18778,1860,838,1396,High
Instagram,46241,3109,593,1833,Medium
Twitter,43229,5346,793,2848,High
Instagram,87652,5826,540,4320,High
Instagram,49364,3306,587,1137,Medium
Twitter,99833,15095,2639,7154,High
Instagram,85878,1644,2643,4969,Medium
YouTube,58056,10540,756,2268,High
YouTube,28490,4898,109,2609,High
Instagram,20975,2871,422,146,High
Instagram,27723,3401,345,970,High
Instagram,24279,4358,285,252,High
YouTube,79301,3585,3809,6171,High
YouTube,12561,314,391,900,High
YouTube,67061,3722,1896,2446,High
YouTube,89397,14390,1910,6185,High
Instagram,50153,831,1104,2137,Medium
YouTube,34142,4122,939,2623,High
Instagram,27916,5559,980,1344,High
Twitter,65324,11273,2312,2885,High
YouTube,45965,5013,432,4311,High
Instagram,5648,124,144,162,Medium
Instagram,36133,6068,765,594,High
YouTube,51677,6397,2256,3128,High
Instagram,97059,3090,3100,9423,High
Twitter,95588,2660,2589,3909,Medium
Twitter,99317,18158,660,1081,High
YouTube,71135,9756,2182,2648,High
Twitter,36046,6040,243,1912,High
Instagram,48064,8507,842,979,High
YouTube,70350,8346,562,4750,High
Instagram,46893,5079,1637,4679,High
Twitter,62272,5715,691,2983,High
Instagram,93152,6541,1881,3604,High
YouTube,68649,6355,3081,2956,High
Instagram,65674,10313,723,1046,High
YouTube,14760,1835,382,1312,High
YouTube,22927,4117,493,1018,High
YouTube,87475,8243,165,3655,High
YouTube,62367,7817,2485,4220,High
YouTube,98955,12859,433,4650,High
YouTube,13588,1663,329,904,High
Instagram,53233,7638,1515,576,High
YouTube,45738,2520,1454,3764,High
YouTube,34397,3692,1195,3245,High
Twitter,83189,2479,1115,5543,Medium
Instagram,77367,6425,115,7402,High
Instagram,72260,7417,2633,1400,High
YouTube,77619,10394,2114,3908,High
YouTube,20816,3967,873,1294,High
YouTube,43240,5367,1783,2605,High
YouTube,7276,1100,307,313,High
YouTube,80530,8551,1994,2989,High
YouTube,24499,3196,425,417,High
YouTube,89576,2102,3563,3781,Medium
YouTube,83495,4870,1929,1707,Medium
Instagram,72635,5720,725,5430,High
YouTube,86112,8591,3693,2138,High
YouTube,36946,689,1634,390,Medium
Instagram,56204,2057,1340,3230,Medium
Instagram,52886,3310,249,3254,High
YouTube,72652,14137,1453,6381,High
Instagram,16563,1208,668,990,High
Instagram,93324,9480,4217,3529,High
YouTube,93464,4416,1025,7597,High
Twitter,10847,1367,46,610,High
Twitter,27155,1719,1194,340,Medium
YouTube,80671,3979,1619,4739,High
YouTube,84310,9118,2322,7694,High
Twitter,68278,754,3307,2912,Medium
Instagram,19309,221,82,640,Low
YouTube,1619,83,53,30,Medium
YouTube,84194,1429,389,1632,Low
YouTube,51108,1560,991,2356,Medium
Instagram,35707,2656,1442,2199,High
Instagram,21337,3467,474,270,High
YouTube,82537,9796,4115,7779,High
Instagram,67504,7250,1916,5180,High
Instagram,48614,3196,813,2952,High
YouTube,92428,17287,1089,7736,High
YouTube,92155,7873,1674,1162,Medium
Instagram,1281,34,24,64,Medium
Twitter,28420,3616,124,1843,High
Instagram,81896,2590,1564,6856,High
Instagram,40030,3025,950,3179,High
YouTube,2058,218,74,64,High
Instagram,87213,15358,2893,8231,High
Instagram,77260,8017,2760,1298,High
YouTube,29404,4217,41,2591,High
YouTube,30856,6129,359,3000,High
YouTube,10200,356,340,222,Medium
YouTube,65178,4054,1610,4796,High
YouTube,34997,2973,44,308,Medium
YouTube,26611,2398,1075,1157,High
YouTube,42235,3720,1641,2282,High
YouTube,36057,6578,1005,2169,High
Twitter,2239,326,9,210,High
Instagram,66661,8366,2570,4590,High
Instagram,46272,3182,1369,2346,High
Instagram,90393,15052,3553,7404,High
Instagram,62212,11911,2353,5928,High
YouTube,16398,2722,661,116,High
Instagram,57503,592,1517,5654,High
Instagram,7638,999,60,100,High
Instagram,7570,149,256,623,High
Instagram,69785,4113,2191,2207,High
YouTube,10110,215,377,177,Medium
YouTube,80141,9995,747,3749,High
YouTube,13115,1842,138,867,High
Instagram,40062,1272,1787,1650,Medium
Instagram,23911,1982,902,243,High
YouTube,33556,3244,1526,2078,High
Twitter,79131,6339,3020,7179,High
Instagram,2969,97,89,122,Medium
YouTube,44753,4009,1479,1143,High
YouTube,83811,12799,3735,3942,High
YouTube,5470,128,160,52,Medium
YouTube,11225,283,359,931,High
YouTube,24196,1872,209,2020,High
YouTube,14669,2771,355,892,High
YouTube,38380,5259,1385,1479,High
YouTube,49320,6852,704,3993,High
Twitter,48414,3813,528,2793,High
YouTube,16577,2035,271,1383,High
Instagram,89009,1061,1142,5784,Medium
Instagram,56409,7381,650,4485,High
Twitter,29625,5436,646,1832,High
YouTube,82040,10368,3731,3637,High
YouTube,25089,4415,648,2408,High
Twitter,37487,5531,382,2114,High
Twitter,66838,2199,318,4176,Medium
Twitter,97999,17783,3440,2542,High
YouTube,95795,2167,1892,6172,Medium
YouTube,51138,5699,2110,3032,High
Instagram,43823,1621,1460,988,Medium
Twitter,38208,467,1528,407,Medium
Instagram,55061,4965,788,3436,High
Instagram,31659,2091,1105,2455,High
YouTube,32890,3365,458,1799,High
Instagram,80134,9589,3767,2127,High
YouTube,48055,879,1546,3283,Medium
YouTube,20508,684,346,258,Medium
Instagram,43287,5027,614,2033,High
Instagram,79916,6009,827,1639,Medium
YouTube,27984,4156,980,630,High
YouTube,9125,1222,106,220,High
Instagram,37059,6324,1118,1546,High
YouTube,70569,9990,985,695,High
Instagram,18087,1658,604,773,High
YouTube,6704,924,274,359,High
Instagram,61576,3837,2409,3135,High
Instagram,74384,5072,2847,3076,High
YouTube,88128,14092,898,7466,High
YouTube,73460,6965,391,1381,Medium
YouTube,28208,4561,994,1496,High
YouTube,86150,14323,1641,938,High
Twitter,67024,11590,1486,788,High
YouTube,40882,7528,103,2433,High
Twitter,26923,2473,369,1582,High
YouTube,30165,2129,79,2666,High
Instagram,68203,8226,3006,3955,High
Instagram,92749,7468,1198,8920,High
Instagram,5114,635,144,49,High
Instagram,65965,9503,191,944,High
Instagram,37321,5254,1256,342,High
YouTube,74297,6030,1250,1679,High
Twitter,97652,4072,4394,5509,High
Twitter,26426,2425,1176,1752,High
Twitter,18772,696,317,175,Medium
YouTube,4712,844,212,447,High
Instagram,2367,179,117,201,High
Twitter,92736,3648,3843,3076,Medium
YouTube,52924,785,2243,652,Medium
YouTube,4726,627,62,99,High
Instagram,90152,11810,2637,1537,High
Instagram,28723,2146,123,480,Medium
Twitter,10108,238,57,548,Medium
YouTube,78714,6913,3931,2231,High
Instagram,36643,2533,623,1429,High
YouTube,32324,4481,1217,3200,High
YouTube,84360,10553,3418,5906,High
YouTube,9927,786,427,944,High
Twitter,94680,4866,4722,1755,Medium
Instagram,97546,19287,1251,4028,High
Instagram,23443,2256,69,1352,High
YouTube,80973,11398,1712,995,High
Twitter,64449,2365,475,347,Low
YouTube,77743,7950,163,5340,High
Twitter,61233,932,1142,4039,Medium
Instagram,26537,2813,1045,1168,High
YouTube,78576,15178,2258,4047,High
Instagram,23612,1959,385,1049,High
YouTube,94977,1653,3140,691,Medium
Instagram,7471,118,92,275,Medium
Instagram,36631,3066,62,799,Medium
YouTube,93059,3760,3578,1335,Medium
Twitter,32348,467,1021,3101,High
YouTube,65732,10101,2521,4071,High
Instagram,2177,211,6,161,High
Twitter,5760,374,242,201,High
Instagram,33779,6114,1059,1430,High
YouTube,22636,725,647,622,Medium
Twitter,82889,15883,2619,1177,High
Instagram,54551,3799,2365,1200,High
YouTube,12556,2244,373,1014,High
YouTube,28598,3562,842,1983,High
Instagram,12563,2098,622,715,High
Instagram,47819,9418,1820,2397,High
Instagram,74770,4844,1695,6926,High
Twitter,92055,17731,3282,1096,High
Instagram,27966,2349,561,885,High
YouTube,82709,6885,1010,3163,High
YouTube,60889,4546,1841,4830,High
YouTube,27987,3158,1300,2778,High
Instagram,79714,3131,3708,2221,Medium
YouTube,59348,6837,1053,5226,High
Instagram,25596,2890,687,2147,High
Instagram,34174,5288,388,900,High
Twitter,65106,10963,3241,2795,High
YouTube,70967,6648,3482,3116,High
Twitter,60182,4058,1975,5893,High
YouTube,94300,5589,3811,2092,High
Twitter,88163,4141,3177,7134,High
YouTube,40310,844,1211,1481,Medium
YouTube,57088,4285,206,4249,High
Instagram,9906,607,230,444,High
YouTube,37914,7340,1291,2272,High
YouTube,46379,5378,1586,3900,High
Instagram,79612,6049,1535,6480,High
Instagram,38650,4649,1822,3374,High
Instagram,47881,1745,440,510,Medium
Instagram,47413,4474,1209,3354,High
Instagram,7012,904,244,128,High
YouTube,51115,5259,1797,2274,High
YouTube,8151,703,267,465,High
YouTube,58716,11674,850,2540,High
Twitter,94747,16794,819,5150,High
Instagram,93653,12029,3011,9334,High
Instagram,37378,4417,1135,667,High
Instagram,43652,5584,427,3019,High
Twitter,73430,3542,2610,3129,High
YouTube,14467,1230,337,255,High
Instagram,32010,560,1079,642,Medium
Instagram,55691,5588,2340,5300,High
Instagram,65157,7374,607,5770,High
YouTube,13289,707,25,1211,High
Twitter,45976,8880,1801,4560,High
Twitter,44596,8151,1376,1105,High
Instagram,24171,3558,852,937,High
Instagram,87365,9727,3675,5991,High
Twitter,45139,7912,1820,2300,High
Instagram,49713,1731,2390,2224,High
YouTube,30734,4923,837,1198,High
Instagram,73588,2481,1835,4518,High
Instagram,64646,10401,1337,3858,High
Instagram,4654,290,39,94,Medium
Instagram,90022,15902,2615,4484,High
Twitter,19743,3738,287,1136,High
Twitter,49368,1889,2278,2921,High
Instagram,91025,8912,2692,2272,High
YouTube,75172,14762,2258,5676,High
Twitter,7441,757,136,55,High
Twitter,25611,4458,90,991,High
YouTube,13149,1602,33,1040,High
Twitter,60189,4894,1308,3525,High
Twitter,22675,1457,116,675,Medium
Instagram,72031,3501,2213,5115,High
Instagram,43668,6757,1928,2572,High
YouTube,14673,1224,649,1183,High
YouTube,77666,8321,2585,5811,High
YouTube,89204,9236,1012,5616,High
Twitter,81758,9785,3539,4200,High
YouTube,66429,11589,2950,1172,High
YouTube,24669,4843,262,735,High
YouTube,35068,3066,1302,1571,High
Instagram,89789,15015,1350,5560,High
Twitter,10435,1620,420,561,High
YouTube,95088,11312,4741,3078,High
YouTube,53249,10205,131,298,High
Instagram,38384,1845,1726,2001,High
Instagram,82929,2550,2613,2664,Medium
YouTube,77153,13289,3757,5770,High
Instagram,76388,7137,1816,555,High
YouTube,32401,5538,1377,1962,High
YouTube,72831,13086,295,6878,High
Instagram,35084,767,611,756,Medium
Instagram,56826,10106,243,2830,High
Twitter,37451,3564,1827,512,High
YouTube,8227,880,337,530,High
Instagram,32910,4247,1407,1885,High
Instagram,37041,6890,1739,1618,High
YouTube,89920,1225,464,4903,Medium
Instagram,66681,6708,1326,6012,High
YouTube,82571,11615,369,1952,High
Twitter,66481,9793,753,474,High
YouTube,69576,9850,851,6043,High
Instagram,65174,2316,1563,3899,Medium
YouTube,27160,1816,384,2433,High
Twitter,18633,1456,110,1149,High
Instagram,95880,15613,882,7858,High
Instagram,18014,1134,148,825,Medium
YouTube,81532,4079,3969,6215,High
Instagram,50104,9615,1914,4596,High
YouTube,42621,497,2063,2529,Medium
Twitter,78231,15613,1763,1734,High
YouTube,69388,9616,1015,2118,High
YouTube,17014,2848,682,406,High
YouTube,93578,6174,1589,2662,Medium
Instagram,34755,442,544,1185,Medium
Instagram,41390,6216,512,2389,High
YouTube,24711,4163,181,1503,High
Instagram,92658,13962,1257,4217,High
Instagram,58993,2191,1086,3743,Medium
Instagram,75696,11592,2575,965,High
Instagram,28213,4403,114,376,High
Instagram,58784,7943,665,1253,High
Instagram,8421,1309,342,456,High
YouTube,87936,15012,721,2227,High
YouTube,18727,2370,333,597,High
Twitter,5358,143,232,230,Medium
Twitter,66108,6785,567,5429,High
YouTube,95018,2352,480,600,Low
YouTube,33117,2895,819,2208,High
Instagram,89700,7835,1418,6148,High
Instagram,32910,741,941,2661,High
YouTube,99032,7553,3999,9270,High
YouTube,56754,1764,438,392,Low
Instagram,63438,10376,1868,1243,High
Instagram,30371,5772,782,2708,High
YouTube,52501,1246,423,2549,Medium
YouTube,61946,11860,1956,3632,High
YouTube,39467,4313,568,2683,High
Instagram,18625,1246,463,1294,High
YouTube,34893,858,175,3263,High
YouTube,77329,8128,1818,7710,High
Instagram,32007,5151,512,2349,High
YouTube,92302,13323,3811,2980,High
Instagram,40532,792,153,3590,Medium
YouTube,55253,1317,1188,534,Medium
YouTube,13323,1153,312,359,High
YouTube,74379,4916,2716,6712,High
Instagram,15210,823,443,446,Medium
Twitter,17456,1106,588,453,High
Twitter,32367,5264,1264,586,High
YouTube,55624,10376,2405,4817,High
Instagram,11106,965,181,583,High
YouTube,69008,12570,1888,4769,High
YouTube,73240,5206,3088,2029,High
Twitter,65315,6565,3231,5030,High
YouTube,70249,3719,3132,5423,High
YouTube,71587,9427,1374,2483,High
YouTube,11756,2304,124,517,High
YouTube,69011,8603,1723,1719,High
YouTube,37378,2914,1395,3654,High
Instagram,5255,699,132,348,High
Instagram,15484,516,382,1452,High
Twitter,57549,10292,2421,1946,High
Twitter,35503,3748,664,2814,High
YouTube,74794,7133,3225,5815,High
YouTube,46113,5594,965,3260,High
YouTube,75069,9662,1282,7261,High
Instagram,99117,2342,2304,4201,Medium
YouTube,6249,872,239,108,High
Instagram,20201,1130,144,1390,High
Instagram,59576,8677,632,4425,High
Instagram,10686,1776,508,637,High
Instagram,54363,8847,521,1339,High
YouTube,98543,11329,2839,5215,High
Twitter,1661,180,48,57,High
Instagram,45843,1702,1145,2090,Medium
YouTube,96673,15208,3150,6409,High
Twitter,61963,3814,759,4696,High
Instagram,43828,4574,1230,1186,High
Twitter,49604,3175,954,2158,High
Instagram,11526,408,385,352,Medium
Instagram,69910,9061,553,1668,High
YouTube,26592,540,770,2111,High
YouTube,29982,4564,302,2739,High
Instagram,1207,84,17,48,High
Instagram,89733,899,1051,6853,Medium
YouTube,99936,10704,995,9015,High
YouTube,69619,1315,2886,5944,High
Twitter,30328,1894,454,678,Medium
Twitter,47479,6852,2204,4550,High
Instagram,21103,462,1024,860,Medium
YouTube,40891,6929,1185,1522,High
YouTube,11754,126,94,128,Low
YouTube,82437,4690,1595,4219,High
Twitter,99540,15007,3990,1528,High
YouTube,73982,5185,1405,2116,Medium
Instagram,56922,1671,299,1998,Medium
YouTube,49231,3861,1392,4028,High
Instagram,30301,1859,1285,2671,High
Instagram,92652,15761,3706,3125,High
Twitter,63711,4430,610,5515,High
YouTube,42323,6767,1437,3658,High
YouTube,19752,3544,233,1533,High
YouTube,98912,9141,1156,1873,High
Twitter,83205,15217,3646,5872,High
Twitter,99452,8124,1316,9425,High
Instagram,14395,2780,200,1005,High
Instagram,86957,2344,89,3174,Medium
Instagram,57273,8048,2500,3009,High
YouTube,92878,9643,3699,6161,High
Twitter,5895,493,187,315,High
Instagram,77559,10099,2928,1271,High
YouTube,11699,1681,98,405,High
Instagram,66061,715,1549,5365,Medium
YouTube,10715,447,195,930,High
YouTube,20169,2934,112,363,High
Instagram,17163,2344,425,1638,High
YouTube,6782,1312,312,245,High
Instagram,89177,13786,264,6056,High
YouTube,85328,16267,1303,6521,High
YouTube,36585,5249,408,3004,High
YouTube,31682,2110,401,3004,High
YouTube,48864,1466,2223,1696,Medium
Instagram,85416,13542,2044,7393,High
YouTube,56114,7428,1338,982,High
Instagram,39067,748,1495,2811,High
Instagram,43685,3425,374,3297,High
Instagram,19073,3658,474,1323,High
Twitter,37035,3891,817,1072,High
Instagram,65977,6084,1995,5801,High
YouTube,91373,8859,4566,1922,High
YouTube,84362,4191,3265,851,Medium
YouTube,91517,7326,1875,6695,High
Instagram,66450,5333,2761,3333,High
YouTube,11382,227,106,975,Medium
Instagram,5437,847,13,225,High
Instagram,71971,6415,792,1510,High
YouTube,65612,10905,1160,5541,High
Instagram,91355,15673,2376,5220,High
YouTube,62929,3163,1959,1445,Medium
YouTube,98518,13289,4494,7234,High
Instagram,99864,9959,2594,5348,High
Instagram,13329,2362,340,831,High
Instagram,26169,1334,90,1276,Medium
Instagram,88468,12277,239,7407,High
YouTube,35594,4466,996,2983,High
Twitter,77957,5153,1751,5643,High
Instagram,61631,2215,2595,925,Medium
Instagram,46033,6159,408,3898,High
YouTube,64133,9641,142,4408,High
Instagram,74165,5189,1706,5281,High
YouTube,74861,9920,945,2955,High
YouTube,53290,4533,182,4717,High
Twitter,95031,13827,3469,7023,High
YouTube,32750,1567,211,514,Medium
Twitter,96155,17225,2962,4205,High
Instagram,41461,2678,612,3698,High
